{"contact":{"name":"0x7a47b459e778cb50025663b6c031c3867303f6da","email":""},"default":{"display":{"title":"interactive-text","favicon":"favicon_asset"},"owner":"","contact":{"name":"0x7a47b459e778cb50025663b6c031c3867303f6da","email":""},"main":"bin/game.js","tags":[],"scene":{"parcels":["0,0"],"base":"0,0"},"communications":{"type":"webrtc","signalling":"https://signalling-01.decentraland.org"},"policy":{"contentRating":"E","fly":true,"voiceEnabled":true,"blacklist":[],"teleportPosition":""}},"display":{"title":"PartyYacht","favicon":"favicon_asset","description":"","navmapThumbnail":"scene-thumbnail.png"},"main":"bin/index.js","owner":"","scene":{"parcels":["0,0","0,1","0,2","0,3","1,0","1,1","1,2","1,3","2,0","2,1","2,2","2,3","3,0","3,1","3,2","3,3"],"base":"0,0"},"tags":[],"source":{"version":1,"origin":"builder","projectId":"16ad9ae0-8688-4b4a-8051-87312e3b5507","point":{"x":0,"y":0},"rotation":"east","layout":{"rows":4,"cols":4}},"allowedMediaHostnames":[],"ecs7":true,"runtimeVersion":"7"}