{"contact":{"name":"0x5dffc103764d035f5045ffb2107d57861ddb7689","email":""},"default":{"display":{"title":"interactive-text","favicon":"favicon_asset"},"owner":"","contact":{"name":"0x5dffc103764d035f5045ffb2107d57861ddb7689","email":""},"main":"bin/game.js","tags":[],"scene":{"parcels":["0,0"],"base":"0,0"},"communications":{"type":"webrtc","signalling":"https://signalling-01.decentraland.org"},"policy":{"contentRating":"E","fly":true,"voiceEnabled":true,"blacklist":[],"teleportPosition":""}},"display":{"title":"Sweet_Salty","favicon":"favicon_asset","description":"","navmapThumbnail":"scene-thumbnail.png"},"main":"bin/index.js","owner":"","scene":{"parcels":["0,0","0,1","0,2","1,0","1,1","1,2","2,0","2,1","2,2"],"base":"0,0"},"tags":[],"source":{"version":1,"origin":"builder","projectId":"36b203ed-39a2-422c-9919-6a29956f7098","point":{"x":0,"y":0},"rotation":"east","layout":{"rows":3,"cols":3}},"allowedMediaHostnames":[],"ecs7":true,"runtimeVersion":"7"}